{
    "rmse": 0.7095489514456029,
    "mae": 0.5592109034529952,
    "r2": 0.2524656472349527
}